<?xml version="1.0" encoding="UTF-8" standalone="yes"?>
<addon id="script.module.7of9-live" name=" [B][COLOR lightseagreen]TVtap (Clone)[/COLOR][/B] (v2.5)" version="2.5" provider-name="SomeBody">
  <requires>
    <import addon="xbmc.python" version="2.26.0"/>
    <import addon="script.module.pycryptodome" />
    <import addon="script.module.requests" />
    <import addon="script.module.kodi-six" />
    <import addon="script.module.future" />
    <import addon="script.module.routing" />
  </requires>
  <extension point="xbmc.python.pluginsource" library="addon.py">
    
  </extension>
  <extension point="xbmc.addon.metadata">
    <reuselanguageinvoker>true</reuselanguageinvoker>
    <summary lang="en_gb">Cloned for 7of9 users from RACC TvTap Module. All credit must go to anyone involved in the Original Code</summary>
    <description lang="en_gb">Module for TvTap APK</description>
    <disclaimer lang="en_gb"></disclaimer>
    <language></language>
    <platform>all</platform>
    <license></license>
    <forum></forum>
    <website></website>
    <email></email>
    <source>Requires Kodi 18 Leia</source>
  </extension>
</addon>
