<?xml version="1.0" encoding="UTF-8" standalone="yes"?>
<addon  id="script.module.phantom"
        name="module.phantom"
        version="2020.09.15"
        provider-name="Phantom">
  <requires>
    <import addon="xbmc.python" version="2.1.0"/>
    <import addon="script.module.simplejson" version="2.0.10" />
    <import addon="script.common.plugin.cache" version="2.5.5"/>
  </requires>
  <extension point="xbmc.python.module" library="lib" />
  <extension point="xbmc.addon.metadata">
    <platform>all</platform>
  </extension>
</addon>